{
  "NAP sang XRSCZ": {
    "username": "sang",
    "amount": 500000,
    "created_at": 1772324819.6406493
  },
  "NAP admin 0FB0O": {
    "username": "admin",
    "amount": 50000,
    "created_at": 1772325211.6566796
  }
}
